id,industry,months,pfunding,patents,smember,elites,outcome
1,healthcare,36,2900000,0,0,5,soldoff-low
2,healthcare,31,5500000,0,0,0,ipo
3,defense,29,500000,0,0,4,bankrupt
4,tech,29,2400000,1,0,5,soldoff-high
5,healthcare,31,5300000,0,1,5,ipo
6,tech,36,2900000,0,1,6,soldoff-high
7,tech,32,3100000,0,0,10,soldoff-high
8,media,30,500000,1,0,0,bankrupt
9,tech,29,1200000,0,0,8,soldoff-high
10,tech,33,500000,1,0,8,bankrupt
11,defense,40,6900000,0,0,1,soldoff-low
12,tech,16,1900000,0,0,10,bankrupt
13,tech,29,2800000,1,0,9,soldoff-high
14,media,33,5200000,0,1,2,soldoff-high
15,defense,34,2100000,0,1,5,bankrupt
16,tech,23,6400000,0,0,9,bankrupt
17,tech,42,7000000,0,1,5,soldoff-high
18,healthcare,23,500000,1,1,0,soldoff-low
19,healthcare,17,5700000,0,1,1,soldoff-high
20,tech,27,2900000,1,0,3,bankrupt
21,healthcare,21,9200000,0,0,0,bankrupt
22,defense,42,4600000,1,0,2,soldoff-high
23,defense,35,7300000,0,0,0,soldoff-low
24,media,38,8200000,1,1,0,bankrupt
25,defense,37,2700000,0,0,1,bankrupt
26,healthcare,28,5400000,0,1,0,soldoff-high
27,healthcare,46,7900000,1,0,0,soldoff-low
28,tech,31,1500000,0,0,8,soldoff-high
29,tech,36,3000000,1,0,8,soldoff-high
30,defense,33,2300000,1,0,5,soldoff-high
31,tech,13,5100000,0,1,2,soldoff-high
32,defense,30,6200000,1,0,1,soldoff-low
33,tech,27,1700000,0,0,9,ipo
34,media,19,500000,0,0,0,bankrupt
35,healthcare,14,7700000,0,0,0,ipo
36,media,30,6200000,0,0,5,soldoff-high
37,healthcare,35,4000000,1,1,5,ipo
38,defense,28,500000,0,1,3,soldoff-low
39,tech,36,500000,1,0,5,soldoff-low
40,tech,29,1000000,0,0,6,soldoff-high
41,tech,25,5400000,1,0,8,ipo
42,healthcare,18,900000,1,0,2,soldoff-high
43,tech,43,500000,1,0,9,bankrupt
44,media,39,3100000,0,0,0,soldoff-high
45,defense,24,3200000,0,0,6,bankrupt
46,healthcare,38,500000,0,0,5,ipo
47,media,33,8400000,1,1,0,soldoff-high
48,defense,45,1200000,0,0,0,bankrupt
49,tech,33,3200000,0,0,7,soldoff-high
50,tech,30,6100000,1,1,6,bankrupt
51,defense,23,800000,0,1,0,soldoff-high
52,healthcare,25,4200000,1,0,0,soldoff-low
53,tech,31,900000,0,1,9,soldoff-low
54,healthcare,27,4100000,1,0,0,soldoff-low
55,healthcare,26,5500000,1,0,6,ipo
56,media,33,3000000,1,0,6,soldoff-high
57,tech,31,4600000,1,0,9,soldoff-high
58,tech,30,500000,0,1,10,bankrupt
59,defense,39,3400000,0,0,3,soldoff-low
60,defense,47,5900000,0,0,1,soldoff-low
61,healthcare,46,1800000,1,0,5,soldoff-high
62,tech,27,3900000,1,0,10,soldoff-high
63,tech,27,7500000,0,0,9,soldoff-high
64,tech,34,1900000,1,0,7,soldoff-high
65,media,27,500000,0,1,3,soldoff-high
66,healthcare,28,2300000,1,0,2,soldoff-high
67,media,28,4900000,1,1,0,soldoff-high
68,tech,31,5000000,0,0,3,bankrupt
69,defense,38,2100000,1,0,3,soldoff-low
70,healthcare,30,2100000,1,0,0,soldoff-low
71,media,24,500000,1,0,0,soldoff-high
72,defense,28,5400000,1,0,6,ipo
73,media,34,500000,0,0,1,bankrupt
74,media,34,3400000,0,0,0,soldoff-high
75,tech,28,7100000,1,1,6,bankrupt
76,healthcare,38,8800000,1,0,3,bankrupt
77,defense,41,2600000,0,0,6,soldoff-low
78,defense,42,5900000,0,0,0,bankrupt
79,healthcare,26,5800000,0,0,6,ipo
80,healthcare,31,4200000,1,0,4,soldoff-high
81,healthcare,31,5700000,0,1,5,ipo
82,tech,26,1600000,0,1,8,soldoff-high
83,tech,45,2400000,1,1,8,soldoff-high
84,tech,35,1700000,1,0,2,soldoff-high
85,tech,27,2600000,0,0,4,soldoff-high
86,healthcare,16,5600000,1,0,0,ipo
87,media,36,4000000,0,0,0,bankrupt
88,tech,29,3200000,0,0,4,soldoff-high
89,defense,26,1400000,0,0,1,bankrupt
90,tech,33,1600000,0,0,3,bankrupt
91,tech,40,6000000,1,0,0,bankrupt
92,defense,29,500000,0,0,0,soldoff-high
93,healthcare,33,3600000,1,0,1,soldoff-low
94,defense,39,1800000,1,1,2,soldoff-low
95,healthcare,20,6600000,1,0,3,soldoff-low
96,defense,30,3200000,1,1,2,soldoff-low
97,healthcare,30,6400000,0,0,1,bankrupt
98,defense,28,2000000,1,0,3,soldoff-high
99,tech,36,3700000,1,0,7,ipo
100,tech,35,1300000,1,1,10,bankrupt
101,defense,25,500000,0,0,0,bankrupt
102,defense,37,5400000,0,0,0,bankrupt
103,tech,16,500000,0,1,2,bankrupt
104,tech,31,500000,1,1,6,ipo
105,defense,40,3700000,1,1,0,soldoff-low
106,healthcare,32,1500000,1,0,0,soldoff-high
107,healthcare,16,6400000,0,0,4,ipo
108,media,25,500000,1,1,1,bankrupt
109,tech,33,4000000,1,0,4,soldoff-low
110,media,14,7100000,0,0,2,soldoff-high
111,healthcare,34,3100000,1,1,0,ipo
112,healthcare,17,2600000,1,0,0,soldoff-high
113,defense,29,1400000,0,1,4,soldoff-low
114,tech,28,1200000,1,1,5,ipo
115,defense,46,5400000,0,0,2,soldoff-low
116,defense,39,2500000,0,0,6,ipo
117,tech,31,5300000,0,0,6,soldoff-high
118,tech,33,3100000,1,0,10,soldoff-high
119,defense,24,8100000,1,0,0,soldoff-low
120,defense,26,7300000,1,0,0,soldoff-low
121,healthcare,19,8700000,1,1,0,soldoff-low
122,media,31,500000,0,0,5,soldoff-high
123,defense,25,4100000,1,0,5,ipo
124,media,32,7400000,1,1,4,soldoff-low
125,tech,30,800000,1,1,8,bankrupt
126,defense,37,3400000,0,0,8,ipo
127,healthcare,37,3600000,1,0,2,soldoff-low
128,media,30,6100000,1,0,0,soldoff-high
129,tech,26,4000000,1,0,4,bankrupt
130,tech,35,4500000,1,0,9,soldoff-high
131,tech,34,1800000,0,0,8,soldoff-high
132,healthcare,44,2400000,1,0,1,ipo
133,tech,30,600000,1,0,4,bankrupt
134,healthcare,25,3200000,0,0,5,bankrupt
135,tech,20,500000,1,0,3,bankrupt
136,healthcare,26,2900000,1,0,3,soldoff-low
137,tech,43,3900000,0,1,3,soldoff-high
138,tech,28,5700000,1,0,2,soldoff-high
139,defense,40,6200000,0,1,5,soldoff-low
140,defense,33,2500000,1,0,1,bankrupt
141,tech,28,6200000,1,1,7,bankrupt
142,healthcare,27,4900000,1,0,3,soldoff-low
143,tech,32,6200000,1,0,8,bankrupt
144,media,36,7000000,1,0,3,ipo
145,defense,18,3700000,0,0,1,bankrupt
146,healthcare,21,500000,1,0,3,soldoff-high
147,media,31,1100000,1,0,2,bankrupt
148,defense,40,5100000,0,1,3,soldoff-high
149,media,39,500000,1,0,4,soldoff-low
150,healthcare,37,1300000,0,0,4,soldoff-low
151,healthcare,41,5800000,1,1,0,soldoff-low
152,defense,44,5900000,0,1,0,bankrupt
153,defense,18,900000,1,1,3,soldoff-high
154,healthcare,24,3400000,1,0,0,soldoff-high
155,defense,35,4900000,0,0,7,soldoff-high
156,healthcare,21,6700000,1,0,7,ipo
157,defense,30,6500000,1,0,0,soldoff-low
158,defense,26,5600000,1,0,0,soldoff-high
159,defense,34,600000,0,1,4,bankrupt
160,healthcare,25,5000000,0,0,3,bankrupt
161,healthcare,40,2700000,1,0,3,soldoff-low
162,defense,39,4300000,0,0,6,bankrupt
163,tech,27,6600000,0,0,6,bankrupt
164,tech,36,500000,0,0,7,soldoff-low
165,healthcare,46,7500000,0,0,2,soldoff-low
166,healthcare,31,500000,1,1,4,soldoff-low
167,media,40,7600000,1,0,0,soldoff-low
168,defense,33,3200000,0,1,6,soldoff-low
169,defense,35,4000000,0,1,0,soldoff-high
170,tech,14,500000,1,1,7,bankrupt
171,tech,23,500000,0,0,8,soldoff-low
172,tech,26,3600000,0,0,7,ipo
173,healthcare,26,500000,1,1,5,soldoff-high
174,tech,40,5400000,1,0,5,bankrupt
175,media,22,5600000,0,0,0,soldoff-high
176,defense,29,6800000,1,0,0,soldoff-low
177,media,37,8700000,1,1,0,bankrupt
178,defense,29,3000000,1,0,0,soldoff-low
179,defense,33,8800000,1,0,2,soldoff-high
180,tech,34,800000,1,0,7,bankrupt
181,defense,40,3800000,1,0,4,soldoff-high
182,healthcare,24,8300000,0,0,5,ipo
183,tech,39,6000000,0,0,9,soldoff-high
184,defense,23,8500000,0,0,5,bankrupt
185,tech,16,1100000,0,0,9,soldoff-low
186,media,46,4100000,1,0,3,soldoff-low
187,tech,27,4300000,1,0,8,soldoff-high
188,defense,27,3100000,1,0,1,soldoff-low
189,defense,40,7200000,0,0,6,bankrupt
190,healthcare,27,3300000,1,0,5,bankrupt
191,tech,36,2700000,0,0,6,soldoff-high
192,defense,32,6200000,1,0,0,soldoff-high
193,tech,22,500000,1,0,6,bankrupt
194,tech,22,2800000,0,0,8,ipo
195,healthcare,35,6200000,0,0,0,bankrupt
196,defense,26,6700000,1,0,6,ipo
197,media,37,500000,1,0,0,bankrupt
198,defense,16,7500000,1,0,2,bankrupt
199,media,38,1000000,0,0,2,soldoff-low
200,tech,31,2100000,1,0,10,soldoff-high
201,healthcare,26,3800000,1,0,4,soldoff-high
202,healthcare,30,5700000,1,0,2,soldoff-low
203,defense,21,6900000,1,1,1,soldoff-high
204,defense,45,8900000,1,0,1,bankrupt
205,media,32,1300000,0,0,1,soldoff-high
206,media,30,2600000,1,0,2,soldoff-high
207,media,23,2000000,0,0,3,soldoff-high
208,defense,44,4800000,1,0,8,soldoff-high
209,defense,27,3200000,1,1,4,ipo
210,defense,33,500000,0,0,0,soldoff-high
211,tech,19,5500000,0,0,5,bankrupt
212,healthcare,29,2800000,1,0,5,soldoff-low
213,healthcare,37,6300000,1,0,3,bankrupt
214,healthcare,39,4200000,0,0,3,soldoff-high
215,media,43,4600000,1,0,0,soldoff-low
216,defense,45,700000,0,0,1,soldoff-high
217,defense,15,1400000,0,1,2,soldoff-low
218,defense,38,8000000,0,0,6,soldoff-high
219,defense,33,500000,0,1,3,bankrupt
220,defense,39,6200000,0,0,0,soldoff-low
221,tech,19,1700000,1,0,4,soldoff-high
222,healthcare,15,1800000,1,0,9,soldoff-low
223,tech,30,4300000,1,0,2,soldoff-high
224,defense,29,1000000,0,0,0,bankrupt
225,healthcare,30,4900000,0,0,3,ipo
226,tech,16,2600000,0,1,7,soldoff-high
227,defense,28,500000,0,1,1,bankrupt
228,media,32,1800000,0,1,1,soldoff-high
229,healthcare,29,3700000,1,0,5,soldoff-low
230,defense,33,500000,1,0,1,soldoff-low
231,healthcare,26,9200000,0,1,0,soldoff-high
232,tech,33,5400000,0,1,10,bankrupt
233,defense,33,2400000,0,0,6,ipo
234,healthcare,35,900000,0,1,2,ipo
235,tech,33,500000,0,0,8,bankrupt
236,tech,15,3500000,0,0,6,soldoff-high
237,healthcare,23,500000,1,0,0,soldoff-low
238,healthcare,39,1800000,1,0,0,soldoff-high
239,healthcare,41,4000000,0,0,0,soldoff-low
240,healthcare,26,7100000,0,0,4,ipo
241,healthcare,27,2000000,0,1,8,ipo
242,tech,25,1400000,0,0,8,soldoff-high
243,defense,32,4100000,1,0,5,soldoff-high
244,tech,28,1700000,0,0,10,soldoff-high
245,defense,34,4400000,1,1,4,soldoff-high
246,media,23,4000000,1,0,7,soldoff-high
247,healthcare,22,500000,1,1,0,soldoff-high
248,healthcare,31,5300000,0,0,4,ipo
249,defense,24,7600000,0,0,3,bankrupt
250,media,42,1900000,0,0,2,soldoff-high
251,healthcare,28,4300000,0,0,5,bankrupt
252,tech,41,2800000,1,0,5,soldoff-high
253,tech,28,500000,0,0,6,bankrupt
254,tech,19,1000000,0,0,7,ipo
255,defense,32,6300000,1,0,4,soldoff-high
256,healthcare,15,3900000,0,0,3,bankrupt
257,defense,27,3400000,0,0,0,bankrupt
258,tech,18,8300000,0,1,9,bankrupt
259,media,44,8600000,1,0,0,bankrupt
260,tech,26,2400000,0,1,9,soldoff-high
261,healthcare,38,500000,0,0,3,bankrupt
262,tech,16,500000,1,0,8,ipo
263,media,26,6000000,1,0,1,soldoff-high
264,media,24,5700000,0,0,0,soldoff-high
265,defense,27,3400000,0,1,7,soldoff-high
266,tech,23,6500000,1,0,4,bankrupt
267,defense,40,700000,1,0,0,soldoff-high
268,tech,26,500000,0,0,5,soldoff-high
269,healthcare,41,7600000,0,0,0,soldoff-high
270,media,29,5700000,1,0,3,soldoff-high
271,healthcare,15,800000,1,1,4,soldoff-low
272,tech,35,5300000,0,0,8,bankrupt
273,media,29,7900000,0,0,1,soldoff-high
274,tech,29,5000000,1,0,9,soldoff-high
275,tech,35,6000000,0,0,9,bankrupt
276,tech,27,6600000,1,0,4,ipo
277,healthcare,36,6700000,1,0,0,bankrupt
278,tech,28,900000,0,1,9,bankrupt
279,media,34,2800000,0,0,2,soldoff-high
280,defense,45,5600000,1,0,4,bankrupt
281,tech,19,6000000,0,1,4,soldoff-high
282,media,28,4500000,1,0,3,soldoff-high
283,defense,27,4100000,0,0,0,bankrupt
284,healthcare,34,8300000,1,0,1,soldoff-high
285,defense,35,5200000,0,0,2,bankrupt
286,tech,30,2300000,1,0,9,ipo
287,tech,23,3000000,1,1,8,bankrupt
288,defense,24,500000,1,0,2,bankrupt
289,healthcare,33,2300000,1,0,6,soldoff-high
290,media,29,6700000,0,0,0,soldoff-high
291,tech,21,1200000,0,0,7,soldoff-high
292,defense,31,500000,1,1,0,ipo
293,media,35,2400000,0,0,3,soldoff-high
294,defense,39,6300000,1,0,0,soldoff-low
295,tech,33,500000,1,0,4,bankrupt
296,defense,35,9100000,1,0,5,ipo
297,media,32,500000,0,0,0,soldoff-high
298,tech,30,6800000,1,1,5,ipo
299,defense,28,2000000,1,0,4,soldoff-high
300,tech,48,500000,0,1,9,bankrupt
301,healthcare,43,5600000,1,0,4,ipo
302,defense,22,6000000,1,0,2,soldoff-low
303,media,30,3000000,1,0,0,ipo
304,tech,40,4400000,0,1,2,soldoff-high
305,tech,29,1400000,0,0,6,ipo
306,healthcare,24,2800000,1,0,2,soldoff-high
307,tech,27,500000,0,0,5,bankrupt
308,tech,26,500000,1,1,8,bankrupt
309,media,20,5800000,0,1,3,soldoff-high
310,healthcare,25,6000000,0,1,0,soldoff-high
311,healthcare,30,1400000,0,1,2,soldoff-high
312,tech,16,3200000,0,0,5,soldoff-high
313,tech,33,700000,1,1,9,bankrupt
314,healthcare,23,7900000,0,0,3,soldoff-low
315,defense,47,7100000,1,0,0,soldoff-low
316,tech,30,3100000,0,0,5,soldoff-high
317,healthcare,21,5800000,0,1,3,soldoff-low
318,tech,22,2300000,0,0,3,soldoff-high
319,media,33,8000000,0,0,1,bankrupt
320,tech,27,500000,1,0,3,soldoff-high
321,healthcare,35,1600000,1,0,5,soldoff-high
322,healthcare,36,2300000,1,0,8,soldoff-low
323,tech,40,5400000,0,0,10,bankrupt
324,tech,26,3900000,0,0,5,soldoff-high
325,tech,27,500000,0,1,5,bankrupt
326,healthcare,32,1900000,1,1,7,ipo
327,media,23,900000,0,0,0,bankrupt
328,healthcare,29,5700000,0,0,1,ipo
329,tech,30,900000,0,0,6,bankrupt
330,media,35,700000,1,0,1,bankrupt
331,tech,22,7500000,1,0,4,bankrupt
332,defense,26,3100000,1,1,0,soldoff-low
333,defense,28,4500000,0,0,2,soldoff-low
334,healthcare,27,7600000,0,1,1,bankrupt
335,media,32,1800000,1,1,0,soldoff-high
336,tech,41,4600000,1,0,7,bankrupt
337,tech,39,2300000,1,0,6,bankrupt
338,tech,35,2100000,1,0,8,soldoff-high
339,healthcare,44,500000,0,1,4,soldoff-high
340,tech,16,3600000,1,0,7,soldoff-high
341,tech,34,1700000,1,0,5,soldoff-low
342,healthcare,30,5500000,1,1,4,ipo
343,healthcare,39,7700000,1,0,4,ipo
344,defense,35,1400000,1,0,0,soldoff-high
345,tech,37,1900000,1,0,9,soldoff-high
346,tech,40,4200000,0,0,7,soldoff-high
347,tech,27,2900000,1,0,5,soldoff-low
348,media,16,6300000,1,0,2,soldoff-high
349,tech,36,3300000,0,0,10,soldoff-high
350,healthcare,41,3700000,1,0,4,soldoff-high
351,defense,17,2800000,1,0,2,soldoff-high
352,healthcare,39,2900000,1,0,2,soldoff-low
353,defense,43,3300000,1,1,3,soldoff-high
354,media,23,500000,1,0,0,bankrupt
355,defense,35,8400000,1,0,3,soldoff-high
356,healthcare,21,6600000,0,0,7,ipo
357,healthcare,27,7500000,1,0,6,ipo
358,tech,43,2100000,0,0,5,bankrupt
359,media,37,500000,0,0,6,soldoff-high
360,tech,29,2500000,1,0,2,soldoff-high
361,tech,31,4900000,0,0,10,soldoff-low
362,media,28,2300000,0,1,0,soldoff-low
363,media,24,2800000,1,1,0,soldoff-high
364,tech,30,700000,0,0,9,soldoff-low
365,defense,33,4800000,1,0,2,bankrupt
366,healthcare,26,8500000,0,0,2,soldoff-low
367,healthcare,24,700000,1,0,4,soldoff-high
368,tech,29,2100000,0,1,8,bankrupt
369,defense,41,5700000,1,0,1,soldoff-low
370,tech,24,5000000,1,0,10,bankrupt
371,healthcare,45,6700000,1,0,1,ipo
372,defense,13,7000000,1,0,7,ipo
373,defense,27,8100000,0,0,3,bankrupt
374,media,42,4300000,0,0,0,soldoff-low
375,healthcare,30,8600000,0,0,4,ipo
376,healthcare,22,500000,0,0,6,bankrupt
377,defense,32,500000,1,0,4,soldoff-high
378,defense,32,2600000,1,0,0,bankrupt
379,media,34,500000,0,1,1,bankrupt
380,healthcare,28,900000,0,1,7,soldoff-high
381,tech,36,500000,1,1,5,soldoff-low
382,healthcare,34,4600000,1,0,3,soldoff-low
383,healthcare,34,4200000,1,1,0,ipo
384,media,34,2200000,0,0,0,soldoff-low
385,tech,21,500000,1,0,3,bankrupt
386,media,24,3300000,0,0,1,soldoff-high
387,defense,27,1900000,1,0,4,soldoff-high
388,media,30,6900000,0,0,0,soldoff-high
389,media,47,3400000,0,1,1,bankrupt
390,defense,45,900000,1,1,3,ipo
391,healthcare,20,2500000,0,0,2,soldoff-low
392,defense,30,700000,1,0,3,soldoff-high
393,defense,28,7200000,1,0,0,soldoff-low
394,tech,30,3500000,1,0,10,bankrupt
395,media,46,5700000,1,0,0,soldoff-low
396,tech,21,500000,1,0,9,bankrupt
397,defense,25,700000,0,0,2,soldoff-low
398,defense,32,4700000,0,0,0,bankrupt
399,defense,34,3300000,0,1,4,soldoff-low
400,media,24,500000,0,0,0,soldoff-low
401,healthcare,38,5700000,1,0,1,soldoff-low
402,healthcare,38,1700000,0,0,3,soldoff-low
403,healthcare,18,2100000,1,1,1,soldoff-high
404,tech,33,4500000,0,0,5,soldoff-high
405,defense,21,6100000,0,0,2,bankrupt
406,healthcare,17,5100000,0,0,3,soldoff-high
407,healthcare,29,1500000,1,0,6,soldoff-high
408,tech,41,500000,0,0,8,soldoff-low
409,healthcare,37,500000,1,0,4,soldoff-low
410,healthcare,35,2900000,1,1,2,soldoff-high
411,media,20,4400000,1,0,2,bankrupt
412,tech,22,1800000,1,0,7,soldoff-high
413,tech,34,500000,1,0,10,bankrupt
414,tech,30,6900000,0,0,7,bankrupt
415,defense,29,4900000,1,0,1,soldoff-low
416,media,29,500000,1,0,0,bankrupt
417,media,25,4600000,0,0,0,bankrupt
418,healthcare,23,7400000,1,0,3,bankrupt
419,tech,29,5900000,1,0,4,bankrupt
420,healthcare,25,700000,1,0,3,ipo
421,tech,37,4400000,0,0,8,soldoff-high
422,defense,13,6600000,0,1,0,bankrupt
423,defense,39,700000,1,1,4,ipo
424,healthcare,22,7300000,0,0,0,soldoff-low
425,healthcare,27,1000000,1,0,5,soldoff-low
426,healthcare,37,5700000,0,0,0,ipo
427,defense,27,1700000,1,0,3,soldoff-low
428,healthcare,34,5400000,0,0,3,soldoff-low
429,tech,29,800000,1,1,10,ipo
430,media,23,2600000,0,1,0,soldoff-low
431,healthcare,19,8500000,1,0,0,ipo
432,media,30,2600000,1,1,3,soldoff-high
433,defense,34,2100000,0,0,1,bankrupt
434,media,35,3500000,1,0,0,soldoff-high
435,tech,27,6100000,0,0,10,ipo
436,defense,32,3500000,1,0,4,ipo
437,media,32,2300000,0,0,0,soldoff-high
438,tech,16,4100000,1,0,5,soldoff-high
439,media,33,7300000,0,0,0,bankrupt
440,defense,30,3500000,0,1,0,bankrupt
441,healthcare,31,500000,0,0,2,bankrupt
442,defense,44,7100000,0,1,2,bankrupt
443,tech,29,5100000,1,0,7,bankrupt
444,media,32,4600000,1,0,4,soldoff-low
445,defense,22,1400000,0,0,3,bankrupt
446,defense,40,3500000,0,0,4,soldoff-low
447,defense,32,2800000,1,0,0,soldoff-low
448,tech,21,2700000,0,1,7,soldoff-high
449,healthcare,37,5800000,1,0,4,ipo
450,defense,38,4300000,0,0,2,bankrupt
451,healthcare,43,3400000,0,0,0,soldoff-high
452,defense,27,700000,1,0,3,soldoff-high
453,healthcare,32,5300000,0,1,3,bankrupt
454,healthcare,25,7500000,0,1,4,ipo
455,defense,23,500000,0,0,2,soldoff-low
456,defense,17,3200000,1,0,0,soldoff-high
457,healthcare,27,5600000,1,0,1,soldoff-low
458,tech,38,600000,1,1,10,bankrupt
459,tech,31,2300000,0,0,5,soldoff-high
460,tech,28,1700000,0,0,5,bankrupt
461,tech,20,3000000,0,0,6,ipo
462,media,37,700000,0,1,2,ipo
463,tech,28,500000,1,0,9,bankrupt
464,healthcare,29,4000000,0,0,2,bankrupt
465,healthcare,29,500000,1,0,3,ipo
466,defense,32,4400000,1,0,2,bankrupt
467,healthcare,31,6100000,0,0,2,soldoff-high
468,media,29,7500000,1,1,2,soldoff-low
469,defense,38,3100000,1,0,4,soldoff-low
470,defense,26,3500000,1,0,0,soldoff-low
471,healthcare,42,5200000,1,0,2,soldoff-low
472,healthcare,17,2500000,0,0,6,bankrupt
473,healthcare,17,4400000,0,1,3,soldoff-high
474,tech,25,500000,1,1,8,bankrupt
475,tech,37,800000,0,0,6,bankrupt
476,tech,32,2300000,1,0,7,soldoff-high
477,defense,35,2600000,1,1,0,soldoff-low
478,healthcare,24,500000,1,0,5,soldoff-high
479,media,28,500000,1,0,0,soldoff-high
480,tech,41,3800000,0,0,2,soldoff-high
481,tech,26,2400000,1,0,4,soldoff-high
482,tech,43,5400000,0,0,2,bankrupt
483,healthcare,31,500000,1,0,4,ipo
484,media,34,6600000,0,0,0,soldoff-high
485,tech,41,2000000,1,0,6,soldoff-high
486,media,30,5900000,1,0,0,soldoff-high
487,media,45,500000,0,0,4,bankrupt
488,defense,46,7300000,0,0,7,soldoff-high
489,defense,27,500000,1,0,7,ipo
490,tech,31,5200000,0,0,1,ipo
491,tech,36,3700000,0,0,7,ipo
492,tech,29,8400000,0,0,5,bankrupt
493,healthcare,28,7000000,1,0,4,ipo
494,media,42,3200000,0,0,0,soldoff-low
495,media,34,7200000,0,0,5,soldoff-high
496,tech,39,1000000,0,0,7,ipo
497,healthcare,25,1600000,0,0,3,bankrupt
498,tech,30,2100000,0,0,4,soldoff-low
499,tech,32,1700000,1,1,8,bankrupt
500,healthcare,23,5300000,1,1,6,ipo
501,defense,16,8900000,0,1,0,bankrupt
502,defense,35,5400000,0,1,0,bankrupt
503,defense,42,2300000,1,1,0,soldoff-low
504,tech,39,1400000,1,1,6,soldoff-high
505,defense,16,7500000,1,0,2,soldoff-low
506,healthcare,24,4400000,1,0,1,ipo
507,tech,37,3100000,1,1,5,soldoff-low
508,healthcare,28,5900000,1,0,8,ipo
509,defense,22,1700000,0,1,0,bankrupt
510,defense,39,8200000,1,1,0,bankrupt
511,defense,35,5800000,1,1,1,soldoff-low
512,defense,41,500000,0,0,3,bankrupt
513,defense,31,7700000,0,0,0,soldoff-high
514,healthcare,36,1500000,0,1,5,soldoff-high
515,healthcare,35,2500000,1,0,3,soldoff-low
516,healthcare,30,500000,1,0,3,ipo
517,healthcare,30,7500000,0,1,1,ipo
518,media,34,500000,0,0,3,soldoff-high
519,healthcare,38,6500000,0,0,4,ipo
520,healthcare,35,3300000,1,0,1,soldoff-high
521,healthcare,15,2100000,1,0,1,soldoff-high
522,tech,39,700000,1,0,5,bankrupt
523,healthcare,29,7400000,0,0,4,ipo
524,healthcare,32,1000000,1,0,5,soldoff-high
525,defense,27,1900000,0,1,2,bankrupt
526,tech,21,7200000,0,0,8,soldoff-low
527,tech,37,4500000,1,1,2,ipo
528,defense,45,7100000,0,0,0,bankrupt
529,defense,21,4600000,0,0,0,soldoff-low
530,tech,43,4400000,0,0,10,soldoff-high
531,tech,35,1700000,0,0,8,soldoff-high
532,healthcare,23,4500000,1,1,3,soldoff-high
533,healthcare,36,5400000,0,0,2,soldoff-low
534,tech,27,2300000,0,0,7,soldoff-high
535,defense,31,2800000,0,0,5,bankrupt
536,defense,29,7300000,0,0,0,soldoff-low
537,tech,41,1000000,1,0,4,soldoff-high
538,media,45,1800000,0,0,3,soldoff-low
539,media,36,7000000,0,0,0,bankrupt
540,media,31,2800000,1,0,0,soldoff-high
541,healthcare,30,1100000,1,0,4,soldoff-low
542,healthcare,40,5200000,1,0,7,ipo
543,tech,41,2700000,1,0,10,bankrupt
544,media,38,3300000,1,0,4,soldoff-low
545,tech,21,4300000,0,0,4,soldoff-low
546,tech,32,7400000,1,0,7,bankrupt
547,healthcare,28,4300000,0,0,7,soldoff-low
548,healthcare,15,6900000,1,0,1,ipo
549,tech,13,5300000,1,0,9,soldoff-high
550,healthcare,31,6000000,0,0,0,bankrupt
551,healthcare,30,5200000,1,0,4,ipo
552,defense,30,6400000,0,0,3,soldoff-high
553,tech,30,5500000,0,0,2,bankrupt
554,tech,34,5900000,0,0,8,bankrupt
555,tech,22,500000,0,0,2,soldoff-low
556,healthcare,32,7100000,1,1,0,bankrupt
557,tech,21,3100000,0,1,7,soldoff-low
558,tech,15,3300000,0,0,6,soldoff-high
559,healthcare,35,3400000,0,0,1,soldoff-low
560,healthcare,29,6000000,1,0,1,soldoff-high
561,tech,24,500000,0,0,4,soldoff-low
562,defense,32,2000000,1,0,2,bankrupt
563,tech,27,700000,0,0,4,bankrupt
564,tech,41,7200000,0,1,8,bankrupt
565,healthcare,22,1500000,0,0,0,bankrupt
566,healthcare,43,6200000,0,1,4,ipo
567,healthcare,40,4100000,0,0,5,bankrupt
568,tech,28,2200000,1,0,10,bankrupt
569,defense,35,800000,1,0,0,soldoff-high
570,healthcare,30,5500000,0,0,2,bankrupt
571,tech,33,7200000,1,0,4,bankrupt
572,media,22,900000,1,1,0,soldoff-high
573,tech,29,800000,1,0,8,bankrupt
574,tech,46,4400000,0,0,5,ipo
575,tech,12,5700000,1,0,4,bankrupt
576,defense,19,3900000,1,0,0,soldoff-high
577,healthcare,15,5000000,1,0,2,soldoff-high
578,media,41,500000,1,0,3,bankrupt
579,healthcare,22,500000,1,0,0,soldoff-high
580,defense,31,1000000,1,1,0,soldoff-low
581,media,38,8600000,0,0,5,soldoff-low
582,defense,37,500000,0,1,1,soldoff-high
583,tech,25,3100000,1,0,6,bankrupt
584,healthcare,22,6700000,0,0,4,ipo
585,healthcare,31,1900000,0,0,5,soldoff-high
586,healthcare,45,6200000,1,0,4,ipo
587,defense,25,500000,0,1,1,bankrupt
588,tech,32,3700000,0,0,5,soldoff-high
589,healthcare,27,9300000,1,0,3,ipo
590,healthcare,40,8500000,0,0,3,soldoff-high
591,defense,18,2600000,0,0,5,soldoff-low
592,media,30,7100000,0,0,2,bankrupt
593,defense,38,1400000,1,0,2,soldoff-high
594,media,25,6700000,0,1,0,soldoff-high
595,healthcare,14,2800000,0,0,4,soldoff-high
596,healthcare,23,500000,1,0,4,soldoff-high
597,tech,30,6100000,0,0,7,soldoff-high
598,tech,38,2500000,1,0,6,soldoff-high
599,tech,30,4500000,1,0,6,soldoff-high
600,tech,24,4200000,1,0,5,soldoff-high
601,media,30,4500000,1,0,0,ipo
602,media,39,2200000,1,0,0,bankrupt
603,defense,33,500000,1,0,2,soldoff-low
604,defense,40,4100000,1,0,0,soldoff-high
605,defense,25,1400000,1,1,0,soldoff-low
606,healthcare,15,1900000,0,0,5,soldoff-low
607,tech,34,500000,1,1,10,soldoff-low
608,media,21,2400000,1,0,2,ipo
609,media,23,4500000,0,1,3,soldoff-high
610,tech,35,1900000,1,0,6,bankrupt
611,tech,19,1000000,0,0,7,soldoff-low
612,healthcare,40,3200000,1,0,6,soldoff-low
613,tech,33,6600000,1,1,6,bankrupt
614,defense,31,5300000,0,1,1,soldoff-low
615,healthcare,16,7700000,1,0,2,bankrupt
616,tech,36,6400000,1,0,7,bankrupt
617,defense,32,5000000,1,0,0,soldoff-low
618,tech,18,1400000,0,0,5,soldoff-high
619,healthcare,31,2300000,0,0,0,bankrupt
620,defense,27,900000,1,1,1,soldoff-low
621,defense,26,2800000,0,1,2,soldoff-low
622,tech,33,3900000,1,0,7,soldoff-high
623,defense,20,4500000,1,0,3,ipo
624,tech,34,5100000,1,0,6,bankrupt
625,healthcare,34,5200000,1,0,0,soldoff-high
626,tech,31,6900000,1,0,10,soldoff-high
627,media,42,6800000,0,0,6,bankrupt
628,media,25,2100000,1,0,4,soldoff-high
629,tech,32,5500000,0,0,8,bankrupt
630,tech,36,6200000,1,0,5,bankrupt
631,media,45,6500000,1,0,2,bankrupt
632,tech,31,4100000,1,0,9,soldoff-high
633,healthcare,40,700000,0,0,1,soldoff-low
634,tech,36,5000000,1,0,10,bankrupt
635,tech,21,800000,1,0,8,bankrupt
636,defense,30,1500000,1,0,4,soldoff-high
637,defense,38,5600000,0,0,6,ipo
638,healthcare,15,8500000,1,0,0,bankrupt
639,media,32,5000000,0,0,7,soldoff-low
640,defense,36,3300000,1,0,0,soldoff-high
641,tech,17,500000,0,1,3,bankrupt
642,healthcare,26,1700000,1,1,4,soldoff-low
643,tech,32,1900000,0,0,7,bankrupt
644,tech,28,8200000,0,0,7,bankrupt
645,tech,35,5300000,0,0,6,ipo
646,healthcare,41,9200000,1,0,6,ipo
647,tech,32,7800000,1,1,6,bankrupt
648,media,23,500000,1,1,2,bankrupt
649,healthcare,21,3000000,1,1,7,soldoff-low
650,healthcare,18,7500000,1,0,0,bankrupt
651,healthcare,48,8700000,0,0,6,ipo
652,tech,19,3200000,0,0,6,soldoff-high
653,healthcare,32,500000,0,0,4,soldoff-low
654,healthcare,24,500000,1,0,5,soldoff-low
655,tech,22,500000,1,0,7,bankrupt
656,tech,34,6800000,1,0,9,bankrupt
657,healthcare,29,1500000,0,1,0,bankrupt
658,tech,46,4500000,1,0,8,soldoff-low
659,defense,33,6400000,0,1,0,soldoff-high
660,tech,44,4000000,0,1,4,soldoff-high
661,defense,21,500000,0,0,2,soldoff-low
662,defense,37,6000000,0,0,2,bankrupt
663,defense,17,6000000,1,0,5,ipo
664,tech,45,5400000,0,0,10,bankrupt
665,defense,34,500000,0,0,3,bankrupt
666,tech,41,4600000,1,0,6,soldoff-high
667,tech,47,7300000,1,0,6,bankrupt
668,healthcare,19,8600000,0,0,0,soldoff-low
669,tech,37,1200000,1,0,8,ipo
670,defense,41,1200000,1,1,0,bankrupt
671,healthcare,38,6600000,1,0,5,ipo
672,defense,38,4100000,0,0,5,bankrupt
673,tech,26,6500000,0,0,3,soldoff-high
674,tech,30,5000000,0,0,3,bankrupt
675,tech,15,3800000,0,0,10,soldoff-high
676,tech,26,6100000,1,0,3,soldoff-high
677,tech,23,600000,0,1,7,bankrupt
678,tech,37,2300000,0,0,5,soldoff-high
679,tech,32,8100000,1,0,7,ipo
680,media,36,900000,1,1,4,ipo
681,media,38,2500000,0,0,0,bankrupt
682,tech,22,3000000,1,1,5,ipo
683,defense,37,2000000,1,1,6,soldoff-high
684,media,32,4500000,1,0,4,soldoff-low
685,tech,33,3000000,0,0,7,soldoff-low
686,tech,22,4100000,0,0,4,soldoff-high
687,tech,27,3000000,0,0,2,soldoff-high
688,healthcare,41,7600000,1,0,0,bankrupt
689,healthcare,30,5700000,1,0,0,ipo
690,healthcare,47,1800000,1,0,2,soldoff-high
691,tech,16,1900000,0,0,2,soldoff-high
692,defense,41,6100000,0,0,7,soldoff-high
693,tech,43,3300000,0,0,3,soldoff-high
694,defense,30,7800000,1,0,4,bankrupt
695,healthcare,28,3100000,0,1,2,soldoff-low
696,tech,31,2400000,1,0,9,bankrupt
697,defense,43,3900000,0,1,0,bankrupt
698,media,28,500000,1,1,0,bankrupt
699,healthcare,39,3200000,1,0,2,ipo
700,media,26,4400000,1,1,3,soldoff-low
701,tech,36,6500000,1,1,7,bankrupt
702,defense,26,3000000,1,0,0,soldoff-low
703,media,33,1400000,1,1,2,soldoff-high
704,tech,28,6300000,0,0,2,bankrupt
705,media,35,4900000,1,0,0,soldoff-low
706,media,31,2300000,0,0,0,bankrupt
707,defense,42,900000,1,0,0,soldoff-high
708,healthcare,34,2700000,1,1,0,ipo
709,defense,38,1400000,0,1,3,soldoff-high
710,defense,34,4300000,1,0,1,soldoff-low
711,tech,23,1400000,1,0,5,bankrupt
712,tech,29,8200000,0,0,6,bankrupt
713,healthcare,26,3200000,1,0,1,soldoff-high
714,defense,14,8300000,0,0,4,bankrupt
715,tech,30,6100000,0,0,9,soldoff-high
716,defense,17,8800000,0,0,0,bankrupt
717,media,26,2700000,0,1,0,ipo
718,defense,27,500000,1,1,0,soldoff-low
719,tech,30,6600000,1,1,5,bankrupt
720,defense,32,4800000,0,1,3,soldoff-high
721,tech,43,500000,0,0,3,bankrupt
722,media,21,4400000,1,0,3,soldoff-high
723,tech,37,1200000,0,0,3,bankrupt
724,healthcare,37,900000,1,0,6,soldoff-low
725,defense,17,1300000,1,0,4,ipo
726,tech,27,3200000,0,1,10,ipo
727,tech,30,500000,1,0,4,soldoff-low
728,tech,32,6800000,0,0,3,soldoff-high
729,tech,24,8300000,1,1,7,bankrupt
730,tech,28,2000000,0,0,4,soldoff-high
731,healthcare,41,1000000,0,0,3,bankrupt
732,tech,29,7400000,1,1,6,soldoff-high
733,tech,29,2400000,0,1,5,bankrupt
734,healthcare,24,6500000,0,0,1,ipo
735,tech,31,1200000,0,0,7,soldoff-high
736,defense,28,4500000,0,1,0,soldoff-low
737,defense,27,6100000,1,0,0,soldoff-high
738,defense,36,1900000,0,0,5,soldoff-low
739,media,33,4700000,1,0,0,soldoff-high
740,tech,34,3200000,0,0,10,soldoff-high
741,tech,22,4900000,0,0,10,soldoff-high
742,healthcare,31,500000,1,0,0,soldoff-high
743,healthcare,14,6100000,0,0,0,soldoff-high
744,healthcare,27,1100000,1,0,7,soldoff-low
745,tech,39,2200000,1,0,4,soldoff-low
746,healthcare,26,3200000,0,0,0,bankrupt
747,healthcare,30,5000000,0,1,3,bankrupt
748,defense,40,2100000,1,0,0,soldoff-high
749,healthcare,24,500000,1,0,4,soldoff-high
750,tech,28,2000000,0,0,9,ipo
751,defense,13,6000000,1,0,5,soldoff-high
752,healthcare,26,9000000,1,1,4,ipo
753,defense,29,6100000,1,0,5,bankrupt
754,healthcare,41,1800000,1,0,7,soldoff-low
755,media,32,3900000,1,1,0,soldoff-high
756,defense,21,7400000,1,0,4,soldoff-high
757,tech,28,6500000,1,1,8,bankrupt
758,defense,38,8100000,1,0,0,soldoff-low
759,tech,26,6500000,1,0,3,bankrupt
760,healthcare,28,7100000,0,0,0,soldoff-low
761,defense,43,3400000,0,0,3,soldoff-low
762,defense,39,3600000,0,0,2,bankrupt
763,defense,38,7300000,0,0,5,ipo
764,tech,31,2800000,0,0,5,bankrupt
765,healthcare,31,6000000,0,0,2,ipo
766,tech,27,3600000,1,0,4,soldoff-high
767,media,19,4100000,0,1,3,soldoff-high
768,healthcare,27,1700000,0,0,0,bankrupt
769,tech,30,3400000,1,1,10,bankrupt
770,defense,20,500000,0,1,0,bankrupt
771,healthcare,34,600000,0,0,5,bankrupt
772,tech,29,7300000,0,0,6,bankrupt
773,defense,29,3800000,1,0,2,soldoff-low
774,healthcare,29,1000000,1,0,0,soldoff-low
775,healthcare,25,9900000,1,0,2,ipo
776,healthcare,20,4100000,1,0,0,soldoff-high
777,defense,30,500000,0,1,1,bankrupt
778,healthcare,26,7800000,0,0,2,ipo
779,healthcare,23,7400000,0,0,2,ipo
780,defense,31,2100000,0,0,2,soldoff-high
781,tech,22,6100000,1,0,5,bankrupt
782,defense,37,5300000,0,0,0,soldoff-low
783,defense,34,1100000,1,0,0,soldoff-low
784,media,43,3200000,0,1,0,soldoff-high
785,tech,24,4100000,1,0,4,soldoff-high
786,media,36,4700000,1,1,0,soldoff-high
787,healthcare,32,1600000,0,0,4,bankrupt
788,defense,35,6700000,1,0,1,soldoff-high
789,healthcare,16,2300000,1,1,0,soldoff-low
790,defense,33,6600000,1,1,1,ipo
791,healthcare,20,3300000,1,0,7,soldoff-high
792,healthcare,20,7100000,0,0,7,ipo
793,tech,29,6800000,0,0,7,soldoff-high
794,tech,13,500000,1,0,6,bankrupt
795,tech,18,4500000,0,0,10,bankrupt
796,healthcare,29,5200000,0,0,0,ipo
797,media,26,8600000,1,0,4,soldoff-high
798,defense,38,8800000,0,0,0,bankrupt
799,defense,21,2600000,0,0,5,bankrupt
800,defense,30,1100000,1,0,0,soldoff-high
801,healthcare,32,1100000,1,0,3,soldoff-high
802,tech,42,7400000,0,1,6,soldoff-high
803,tech,34,500000,1,0,10,bankrupt
804,media,28,1500000,0,0,0,soldoff-high
805,defense,16,6200000,1,0,1,soldoff-high
806,tech,36,500000,1,0,6,soldoff-high
807,tech,31,500000,0,0,5,bankrupt
808,healthcare,45,3800000,0,0,2,soldoff-low
809,defense,42,2900000,1,0,3,soldoff-high
810,defense,27,1800000,1,0,1,soldoff-high
811,tech,29,7200000,0,0,4,bankrupt
812,tech,39,8500000,0,0,4,bankrupt
813,defense,28,8800000,0,1,0,ipo
814,defense,17,7000000,1,0,4,bankrupt
815,defense,33,4100000,0,1,1,bankrupt
816,healthcare,33,7600000,0,0,0,bankrupt
817,healthcare,41,5200000,0,0,2,ipo
818,tech,30,2300000,1,0,6,soldoff-high
819,media,31,500000,0,0,0,soldoff-high
820,healthcare,20,5600000,1,0,2,soldoff-high
821,healthcare,25,5900000,0,0,0,soldoff-low
822,tech,30,8000000,0,0,8,bankrupt
823,healthcare,38,6700000,1,0,7,ipo
824,tech,36,6100000,0,0,5,soldoff-high
825,tech,25,6700000,0,0,8,soldoff-high
826,healthcare,33,500000,1,1,4,soldoff-high
827,healthcare,32,500000,1,0,0,soldoff-high
828,tech,28,500000,1,0,2,soldoff-low
829,healthcare,34,1700000,0,0,1,bankrupt
830,tech,30,2700000,1,0,3,soldoff-high
831,healthcare,24,6900000,1,0,4,ipo
832,healthcare,27,4500000,1,0,9,soldoff-high
833,defense,35,4600000,0,0,6,soldoff-high
834,media,19,5300000,0,0,4,soldoff-high
835,healthcare,35,2000000,0,0,4,soldoff-high
836,defense,31,2400000,1,0,0,soldoff-high
837,defense,34,5000000,0,0,4,bankrupt
838,healthcare,32,1100000,1,0,3,soldoff-high
839,tech,38,500000,1,0,8,bankrupt
840,media,25,5800000,1,0,3,soldoff-low
841,tech,45,500000,1,1,5,bankrupt
842,defense,36,6700000,1,0,0,soldoff-low
843,healthcare,23,500000,1,0,1,soldoff-high
844,tech,37,3000000,0,0,7,bankrupt
845,healthcare,34,8200000,0,0,0,soldoff-high
846,healthcare,45,4900000,1,1,0,soldoff-high
847,defense,20,1600000,1,0,0,ipo
848,healthcare,31,2600000,1,0,3,soldoff-high
849,tech,37,1000000,1,0,6,ipo
850,defense,33,4600000,1,0,1,soldoff-low
851,tech,20,3400000,1,0,10,soldoff-high
852,defense,41,500000,0,0,2,soldoff-high
853,defense,33,3200000,0,1,3,soldoff-high
854,defense,24,8600000,1,0,1,soldoff-low
855,healthcare,35,3800000,1,0,0,ipo
856,tech,39,7200000,0,0,6,bankrupt
857,media,34,8500000,0,0,2,ipo
858,healthcare,19,1600000,1,0,0,ipo
859,defense,42,500000,0,0,2,bankrupt
860,tech,26,4900000,0,0,6,soldoff-high
861,tech,38,2400000,0,0,5,bankrupt
862,defense,22,3900000,0,0,0,bankrupt
863,media,26,6700000,1,0,0,soldoff-high
864,defense,23,4700000,0,0,0,bankrupt
865,defense,32,1700000,1,0,0,bankrupt
866,defense,31,9400000,0,0,2,soldoff-high
867,media,32,3100000,1,0,0,soldoff-high
868,defense,21,4400000,0,0,5,bankrupt
869,healthcare,40,2300000,0,0,2,soldoff-low
870,tech,28,1800000,1,1,5,bankrupt
871,tech,23,4100000,1,0,6,bankrupt
872,healthcare,31,500000,0,0,4,soldoff-high
873,defense,36,6100000,0,0,1,soldoff-low
874,defense,46,600000,1,0,2,bankrupt
875,defense,32,5200000,1,1,1,soldoff-low
876,tech,29,8800000,1,1,5,bankrupt
877,defense,41,2400000,1,0,2,soldoff-low
878,healthcare,40,4000000,0,0,2,bankrupt
879,tech,28,5100000,0,0,5,bankrupt
880,healthcare,34,5200000,0,1,0,soldoff-low
881,tech,29,1100000,0,0,6,soldoff-high
882,healthcare,42,700000,0,1,7,soldoff-low
883,defense,33,2800000,1,0,0,soldoff-high
884,defense,44,2100000,1,0,6,ipo
885,tech,35,500000,0,0,7,bankrupt
886,healthcare,25,900000,1,0,4,soldoff-high
887,media,26,3000000,0,0,0,soldoff-high
888,defense,27,6300000,0,0,4,soldoff-high
889,tech,28,6900000,0,1,6,bankrupt
890,media,36,5200000,1,0,1,bankrupt
891,defense,31,1400000,0,0,0,bankrupt
892,healthcare,41,4200000,1,0,2,soldoff-high
893,tech,22,800000,1,1,3,bankrupt
894,tech,39,1100000,1,0,8,soldoff-high
895,defense,22,1500000,0,0,5,soldoff-low
896,media,18,5300000,1,0,4,soldoff-high
897,healthcare,37,6900000,1,1,4,ipo
898,tech,47,1600000,1,0,10,soldoff-high
899,defense,25,1700000,1,0,0,soldoff-high
900,healthcare,37,500000,1,0,0,soldoff-low
901,healthcare,21,4400000,0,0,1,soldoff-low
902,defense,24,1300000,0,1,0,ipo
903,tech,30,2600000,1,1,10,soldoff-low
904,media,28,3900000,1,0,2,soldoff-high
905,tech,45,5400000,1,0,7,soldoff-high
906,media,34,4800000,0,0,4,soldoff-high
907,healthcare,36,5000000,0,0,2,ipo
908,healthcare,17,5600000,0,0,0,ipo
909,defense,38,7000000,0,0,0,bankrupt
910,defense,39,5000000,0,0,0,soldoff-low
911,tech,43,4200000,1,0,7,soldoff-high
912,defense,29,2100000,0,0,0,bankrupt
913,healthcare,17,8300000,0,1,2,soldoff-low
914,defense,34,4100000,0,0,0,soldoff-low
915,healthcare,42,7600000,1,1,6,ipo
916,healthcare,30,4600000,1,1,3,soldoff-low
917,defense,15,6500000,1,0,3,soldoff-low
918,tech,33,3700000,1,0,4,soldoff-high
919,healthcare,33,3800000,1,0,5,soldoff-low
920,defense,37,6700000,0,0,2,bankrupt
921,media,31,2100000,0,1,3,ipo
922,healthcare,46,6200000,1,0,4,ipo
923,media,39,2800000,1,0,5,bankrupt
924,tech,32,5900000,1,0,6,ipo
925,media,27,7300000,0,0,2,soldoff-high
926,tech,30,2700000,0,0,10,soldoff-high
927,media,27,2400000,0,0,2,soldoff-high
928,defense,43,2600000,1,0,0,soldoff-low
929,tech,35,7200000,0,0,8,bankrupt
930,healthcare,34,3600000,0,1,7,ipo
931,tech,35,500000,0,1,7,bankrupt
932,media,37,7000000,0,1,2,bankrupt
933,healthcare,32,5200000,0,0,4,ipo
934,defense,42,3500000,1,0,7,soldoff-high
935,defense,38,500000,0,1,2,bankrupt
936,tech,34,1200000,1,0,4,soldoff-high
937,tech,45,1200000,1,0,2,ipo
938,healthcare,31,5500000,1,0,2,soldoff-high
939,media,13,5000000,1,1,0,ipo
940,defense,25,600000,1,1,3,soldoff-high
941,healthcare,27,6700000,1,0,6,ipo
942,media,40,500000,0,0,3,bankrupt
943,defense,36,600000,1,0,0,soldoff-low
944,defense,37,6000000,1,0,1,soldoff-low
945,tech,24,1300000,1,0,4,soldoff-high
946,media,26,5100000,0,0,2,soldoff-high
947,tech,27,5400000,1,0,5,bankrupt
948,media,24,500000,1,0,0,soldoff-high
949,healthcare,30,7900000,1,0,3,ipo
950,tech,33,7200000,0,1,8,bankrupt
951,defense,42,8100000,0,0,4,bankrupt
952,defense,18,7000000,1,0,2,soldoff-low
953,media,31,3800000,0,0,4,soldoff-low
954,media,27,4400000,0,0,2,soldoff-high
955,healthcare,25,500000,0,0,2,soldoff-low
956,healthcare,17,4200000,1,0,9,soldoff-high
957,tech,44,2400000,0,0,10,soldoff-high
958,tech,23,500000,0,0,3,bankrupt
959,media,25,500000,1,0,3,bankrupt
960,tech,29,7600000,1,0,4,bankrupt
961,defense,28,500000,1,0,5,soldoff-high
962,tech,24,6400000,1,1,4,bankrupt
963,defense,38,7500000,1,0,1,soldoff-high
964,defense,22,1700000,0,1,4,soldoff-low
965,defense,36,6300000,0,1,0,bankrupt
966,tech,28,5600000,1,0,4,soldoff-high
967,defense,29,7500000,0,1,4,bankrupt
968,defense,34,7700000,1,0,0,soldoff-low
969,healthcare,28,1200000,0,0,3,soldoff-low
970,tech,24,8400000,1,0,10,soldoff-high
971,healthcare,35,1100000,1,0,4,soldoff-high
972,tech,17,5100000,1,0,5,bankrupt
973,healthcare,26,6600000,0,0,3,soldoff-low
974,tech,30,2900000,0,1,4,soldoff-high
975,defense,29,800000,1,1,3,soldoff-low
976,tech,21,1700000,1,0,10,ipo
977,healthcare,39,7000000,1,0,2,soldoff-high
978,tech,44,7100000,0,0,9,bankrupt
979,healthcare,26,6500000,0,0,0,soldoff-low
980,healthcare,12,7300000,0,0,0,soldoff-low
981,tech,30,500000,1,0,4,soldoff-high
982,defense,23,500000,0,0,0,soldoff-low
983,tech,32,6000000,1,0,8,soldoff-high
984,healthcare,13,2700000,1,1,6,soldoff-high
985,defense,36,500000,0,0,1,soldoff-low
986,defense,32,1600000,1,0,0,soldoff-low
987,media,33,5700000,0,0,0,soldoff-low
988,tech,19,4600000,1,0,9,soldoff-high
989,healthcare,23,8600000,0,0,3,ipo
990,healthcare,37,2200000,1,0,4,soldoff-low
991,tech,42,3300000,1,0,4,soldoff-high
992,tech,33,6000000,0,0,4,soldoff-low
993,defense,21,1300000,0,0,1,soldoff-low
994,tech,23,3200000,0,0,7,soldoff-high
995,media,29,4700000,0,0,3,soldoff-high
996,tech,25,5500000,0,0,3,bankrupt
997,defense,40,6700000,1,0,0,soldoff-low
998,tech,27,2500000,0,0,5,soldoff-high
999,tech,42,500000,1,0,5,bankrupt
1000,media,23,3000000,0,0,1,soldoff-high
1001,defense,28,2000000,0,0,2,soldoff-low
1002,tech,20,2000000,0,1,9,bankrupt
1003,defense,46,500000,0,0,2,bankrupt
1004,defense,16,3300000,1,0,3,soldoff-low
1005,healthcare,45,6000000,0,0,3,soldoff-high
1006,tech,33,500000,1,0,5,soldoff-low
1007,defense,29,3000000,0,0,7,soldoff-high
1008,healthcare,28,4900000,0,0,0,bankrupt
1009,tech,32,1600000,0,0,7,bankrupt
1010,healthcare,24,1800000,1,0,3,soldoff-low
1011,defense,28,2100000,0,0,3,soldoff-low
1012,tech,30,2800000,1,0,3,soldoff-high
1013,healthcare,37,1800000,1,0,0,soldoff-high
1014,defense,34,6400000,0,0,5,bankrupt
1015,tech,30,3700000,0,1,7,soldoff-high
1016,tech,27,8800000,0,0,4,bankrupt
1017,defense,37,500000,1,1,0,soldoff-low
1018,healthcare,42,6800000,1,0,5,ipo
1019,healthcare,41,6600000,1,0,6,ipo
1020,media,28,5100000,1,0,2,soldoff-high
1021,tech,28,1700000,0,0,9,soldoff-high
1022,tech,29,6700000,0,0,8,soldoff-high
1023,media,45,500000,1,0,3,soldoff-high
1024,healthcare,23,7200000,0,0,3,soldoff-low
1025,defense,34,5500000,0,0,6,soldoff-high
1026,tech,33,500000,1,0,2,bankrupt
1027,media,34,500000,0,0,0,soldoff-high
1028,defense,22,5500000,0,0,0,bankrupt
1029,media,31,4200000,1,0,4,soldoff-high
1030,defense,22,3700000,1,1,1,soldoff-low
1031,healthcare,39,2000000,0,0,1,bankrupt
1032,media,35,5100000,0,0,1,ipo
1033,tech,33,500000,1,0,9,ipo
1034,healthcare,40,5800000,1,1,2,soldoff-low
1035,tech,15,5600000,0,0,2,soldoff-high
1036,healthcare,20,5500000,0,0,5,ipo
1037,healthcare,21,6900000,1,0,1,soldoff-low
1038,defense,17,6100000,1,1,0,soldoff-low
1039,tech,42,3200000,1,0,5,bankrupt
1040,defense,14,5000000,0,0,1,ipo
1041,tech,31,6200000,1,0,0,bankrupt
1042,tech,21,800000,0,0,10,soldoff-low
1043,defense,42,2700000,1,0,7,ipo
1044,healthcare,31,3500000,1,0,2,ipo
1045,tech,37,500000,0,0,8,ipo
1046,tech,24,600000,0,0,9,bankrupt
1047,tech,41,6200000,1,1,6,bankrupt
1048,media,24,5700000,1,0,0,soldoff-high
1049,media,32,2400000,1,1,0,soldoff-low
1050,defense,24,4800000,0,1,3,soldoff-low
1051,healthcare,42,6100000,1,0,2,ipo
1052,healthcare,29,5400000,0,1,5,ipo
1053,tech,34,1600000,1,0,10,bankrupt
1054,media,28,2500000,1,0,4,ipo
1055,healthcare,38,4200000,0,0,6,bankrupt
1056,tech,27,500000,1,0,5,bankrupt
1057,tech,35,1300000,1,0,7,ipo
1058,tech,43,1300000,1,0,10,soldoff-high
1059,tech,32,2600000,0,0,10,soldoff-high
1060,defense,26,500000,1,0,0,soldoff-low
1061,healthcare,13,3200000,0,0,4,bankrupt
1062,tech,28,7800000,0,0,10,bankrupt
1063,healthcare,32,500000,1,0,2,soldoff-high
1064,defense,19,3700000,1,0,0,soldoff-high
1065,tech,29,3300000,1,1,10,soldoff-high
1066,healthcare,26,9600000,1,0,3,soldoff-low
1067,tech,30,2800000,1,0,4,soldoff-low
1068,defense,45,2500000,0,0,5,bankrupt
1069,defense,36,6700000,0,1,0,soldoff-low
1070,tech,34,3400000,1,0,4,soldoff-high
1071,healthcare,38,600000,1,1,0,soldoff-low
1072,tech,34,3600000,1,1,8,soldoff-high
1073,defense,25,500000,0,0,8,soldoff-high
1074,defense,36,2600000,0,0,2,bankrupt
1075,healthcare,41,4300000,1,1,0,soldoff-high
1076,healthcare,33,3600000,0,0,0,bankrupt
1077,tech,20,7000000,1,0,10,bankrupt
1078,healthcare,29,1900000,0,0,6,soldoff-high
1079,tech,30,4600000,0,1,4,soldoff-high
1080,tech,28,500000,0,0,10,soldoff-low
1081,healthcare,30,3400000,1,1,4,soldoff-low
1082,media,33,500000,0,0,3,soldoff-high
1083,defense,33,5900000,0,0,0,bankrupt
1084,media,40,7100000,0,0,0,bankrupt
1085,healthcare,39,2500000,0,1,1,soldoff-low
1086,healthcare,33,4100000,1,0,0,soldoff-low
1087,defense,33,7200000,0,0,5,bankrupt
1088,defense,36,6400000,1,0,0,soldoff-low
1089,healthcare,33,5500000,1,1,5,ipo
1090,tech,35,2300000,0,0,6,soldoff-low
1091,media,26,3600000,0,1,3,soldoff-high
1092,defense,37,500000,0,0,0,soldoff-low
1093,healthcare,40,2500000,1,0,4,soldoff-low
1094,tech,43,5700000,1,0,5,soldoff-high
1095,tech,37,500000,0,0,8,soldoff-low
1096,tech,20,4600000,1,0,4,soldoff-high
1097,tech,19,7600000,1,0,10,bankrupt
1098,healthcare,29,7300000,0,0,4,ipo
1099,healthcare,23,5200000,0,1,4,ipo
1100,defense,21,5500000,0,0,2,bankrupt
1101,tech,38,4300000,1,0,5,bankrupt
1102,healthcare,26,4000000,1,0,3,soldoff-high
1103,tech,26,800000,1,0,8,soldoff-low
1104,healthcare,20,8400000,0,0,4,ipo
1105,defense,33,7400000,0,0,0,soldoff-high
1106,defense,34,2500000,0,0,5,bankrupt
1107,defense,27,6300000,1,1,4,ipo
1108,tech,42,2100000,0,0,7,bankrupt
1109,defense,30,4000000,0,1,0,bankrupt
1110,healthcare,28,9700000,0,0,3,soldoff-low
1111,defense,18,5900000,0,0,6,soldoff-high
1112,healthcare,31,1800000,0,0,3,soldoff-low
1113,media,28,2900000,1,0,0,soldoff-high
1114,tech,13,8200000,1,0,6,bankrupt
1115,tech,26,500000,1,0,6,bankrupt
1116,defense,30,500000,1,0,1,soldoff-low
1117,media,31,3700000,1,1,4,soldoff-low
1118,defense,33,1400000,0,0,4,bankrupt
1119,healthcare,30,3300000,1,0,3,ipo
1120,tech,29,5800000,1,0,7,bankrupt
1121,media,41,3700000,1,0,1,bankrupt
1122,healthcare,30,4700000,0,0,0,soldoff-high
1123,media,36,6500000,1,1,0,soldoff-high
1124,healthcare,19,7500000,1,0,0,soldoff-high
1125,media,25,800000,1,0,0,soldoff-low
1126,media,27,3600000,1,1,0,soldoff-low
1127,healthcare,34,500000,0,0,3,ipo
1128,defense,17,1100000,1,0,0,soldoff-low
1129,healthcare,20,2200000,1,0,3,soldoff-low
1130,media,32,4800000,0,0,0,soldoff-high
1131,defense,30,5400000,1,0,0,soldoff-low
1132,healthcare,20,7600000,1,0,2,soldoff-low
1133,defense,36,5900000,1,0,4,soldoff-high
1134,healthcare,32,5800000,0,0,4,ipo
1135,tech,37,7900000,1,1,6,bankrupt
1136,healthcare,17,800000,0,0,0,bankrupt
1137,defense,15,6700000,1,0,0,soldoff-low
1138,defense,48,3600000,1,0,0,soldoff-low
1139,defense,33,5600000,1,0,4,ipo
1140,media,35,4900000,0,1,0,soldoff-low
1141,defense,17,7600000,1,0,5,soldoff-low
1142,tech,34,5200000,0,0,10,bankrupt
1143,defense,24,8200000,1,0,2,soldoff-high
1144,tech,32,5700000,1,0,6,bankrupt
1145,healthcare,15,6000000,0,0,4,ipo
1146,healthcare,15,6000000,0,0,4,ipo
1147,healthcare,15,6000000,0,0,4,ipo
1148,healthcare,15,6000000,0,0,4,ipo
1149,tech,32,5700000,1,0,6,bankrupt
1150,defense,48,3600000,1,0,0,soldoff-low
1151,defense,33,5600000,1,0,4,ipo
1152,media,35,4900000,0,1,0,soldoff-low
1153,tech,26,500000,1,0,6,bankrupt
1154,defense,30,500000,1,0,1,soldoff-low
1155,media,31,3700000,1,1,4,soldoff-low
1156,healthcare,33,5500000,1,1,5,ipo
1157,tech,35,2300000,0,0,6,soldoff-low
1158,defense,36,6400000,1,0,0,soldoff-low
1159,healthcare,33,5500000,1,1,5,ipo